{
    "train_loss": [
        5.125158365631104,
        4.813805151367188,
        4.620998927307129,
        4.4479842926025395,
        4.33919200706482,
        4.2658412014007565,
        4.209821005249023,
        4.130421590042114,
        4.102186569213867,
        4.078928654479981,
        4.034726473617554,
        4.009809239959717,
        4.017761304092407,
        4.008350183486939,
        3.9937793514251707,
        3.940525522232056,
        3.9137385738372803,
        3.9105465435028077,
        3.925002115249634,
        3.8877251041412353,
        3.8857363368988036,
        3.861649230957031,
        3.8480617042541505,
        3.8242116245269777,
        3.8247657039642333,
        3.8135623416900635,
        3.785368872833252,
        3.745831108093262,
        3.7788800441741945,
        3.775052318954468,
        3.7627872741699218,
        3.6956112243652344,
        3.6855085391998292,
        3.6668924396514893,
        3.6804007637023926,
        3.633562479019165,
        3.6168167598724366,
        3.6570982460021972,
        3.622043758773804,
        3.591748014831543,
        3.5763212650299074,
        3.531755103302002,
        3.5397642650604246,
        3.4956949394226076,
        3.4850947902679446,
        3.4471954414367674,
        3.4358017715454103,
        3.403408392715454,
        3.3730717174530027,
        3.417262251663208,
        3.340710655593872,
        3.2829735282897947,
        3.2779321071624756,
        3.204159956741333,
        3.20313331489563,
        3.1722517971038817,
        3.174857248687744,
        3.1219494373321535,
        3.064780768585205,
        3.082753255081177,
        3.0278926307678224,
        2.9569433700561523,
        2.975438427352905,
        2.871154638671875,
        2.8700517387390136,
        2.832316177368164,
        2.739086625289917,
        2.706426545906067,
        2.701421493148804,
        2.6617148796081542,
        2.555241223335266,
        2.54527807598114,
        2.507693486213684,
        2.4090547061920167,
        2.369262748336792,
        2.2972825313568115,
        2.312540961456299,
        2.263984839439392,
        2.25006976108551,
        2.308856689453125
    ],
    "train_acc": [
        1.985,
        4.51875,
        7.0975,
        8.97,
        11.4875,
        12.4525,
        13.9175,
        15.40625,
        15.96875,
        16.83375,
        17.2525,
        17.98,
        18.01875,
        18.50625,
        18.31875,
        19.7425,
        20.0225,
        20.38875,
        20.51625,
        20.73375,
        21.04,
        21.615,
        21.8175,
        22.62875,
        22.06625,
        22.05,
        22.56875,
        23.5775,
        22.74375,
        23.88375,
        23.41875,
        24.94,
        25.20625,
        25.0075,
        25.0725,
        25.88625,
        26.8825,
        25.96,
        26.81,
        27.675,
        27.44375,
        28.4875,
        28.30125,
        29.25625,
        30.05125,
        30.32125,
        31.17875,
        31.80625,
        32.63125,
        31.3025,
        33.35875,
        33.2775,
        36.1725,
        36.9225,
        35.695,
        37.37,
        36.695,
        39.39375,
        39.50625,
        39.73375,
        41.82875,
        43.2025,
        41.875,
        45.21,
        45.8275,
        47.25125,
        48.62,
        49.56125,
        50.47625,
        51.57125,
        53.81875,
        53.39625,
        56.165,
        57.4125,
        57.04625,
        60.63,
        60.96625,
        62.99125,
        62.5275,
        60.51875
    ],
    "val_loss": [
        4.86467494174933,
        4.552613929578453,
        4.58942240514573,
        4.201974350935335,
        4.056814225615969,
        4.204829454421997,
        4.179920571624853,
        4.271387121479982,
        3.9425799694790205,
        4.0554032705392045,
        3.6997508304134294,
        3.700375361047733,
        3.8012312794946563,
        3.6761781820066415,
        4.024216355791517,
        3.6624906959047743,
        3.932561693677477,
        3.517030720498152,
        3.672562565773156,
        3.8048210493318595,
        3.8292896216082726,
        3.929363891577265,
        4.0850285177777526,
        3.773859856234994,
        3.575343042422252,
        3.587548955990251,
        3.54076422551635,
        3.5652008891864946,
        3.5767707855078825,
        3.492448012540295,
        3.6065724579391967,
        3.4568559789353874,
        3.3959302765548607,
        3.645597860312006,
        3.4781479182516692,
        3.4653682845413307,
        3.30881283085817,
        3.2543910992373326,
        3.4246660357068297,
        3.2438912543521563,
        3.2583184151133153,
        3.3574602330566212,
        3.308943772771556,
        3.1322150777099997,
        3.3045631305427308,
        3.1122516036792924,
        3.0391455395206526,
        3.25068656502256,
        2.955241110674135,
        3.0320646125040236,
        2.956971537535358,
        2.984470748597649,
        2.902972013327726,
        2.9118314639777894,
        2.8337575827434565,
        2.8430278027892872,
        2.841321817628897,
        2.763402547046637,
        2.684631303617149,
        2.762385573356774,
        2.6160089757032456,
        2.627803700744726,
        2.6144795189997194,
        2.49560785749156,
        2.5327911543997987,
        2.483342916342863,
        2.436883943096088,
        2.3839963272119022,
        2.3864178991621467,
        2.35693396732306,
        2.3086614897296687,
        2.2820945499808927,
        2.2905019385040184,
        2.2677256893959776,
        2.2355816478182557,
        2.231303951542848,
        2.2102850227598934,
        2.210688234894139,
        2.213915623677005,
        2.2087075368613953
    ],
    "val_acc": [
        3.995,
        8.045,
        8.575,
        12.875,
        16.08,
        14.14,
        14.32,
        13.26,
        18.77,
        16.23,
        24.275,
        24.04,
        22.01,
        24.765,
        18.925,
        24.825,
        21.24,
        28.31,
        24.995,
        22.675,
        21.91,
        21.985,
        19.49,
        23.775,
        27.475,
        27.645,
        28.615,
        27.33,
        27.605,
        29.56,
        27.825,
        29.46,
        31.275,
        26.345,
        29.705,
        30.81,
        33.645,
        34.945,
        31.21,
        35.965,
        34.46,
        31.715,
        33.7,
        37.905,
        34.245,
        38.89,
        40.81,
        35.795,
        42.14,
        40.585,
        42.93,
        42.25,
        44.125,
        43.845,
        46.48,
        45.8,
        45.565,
        47.95,
        50.37,
        48.405,
        52.335,
        51.745,
        52.275,
        55.435,
        54.455,
        55.955,
        57.58,
        59.295,
        59.025,
        59.805,
        61.33,
        61.8,
        61.805,
        62.76,
        63.4,
        64.04,
        64.545,
        64.67,
        64.54,
        64.755
    ],