{
    "train_loss": [
        4.955156167602539,
        4.377980274581909,
        3.8900343799591064,
        3.541616869354248,
        3.267941860961914,
        3.074532146835327,
        2.91889425239563,
        2.80097709236145,
        2.703664181900024,
        2.614951315689087,
        2.552374468612671,
        2.490902301979065,
        2.4400704957962036,
        2.3896144287109373,
        2.3361335681915283,
        2.2916166019439697,
        2.2563993978500365,
        2.20933097782135,
        2.159777541542053,
        2.1290711109161378,
        2.0729383975982665,
        2.0364851356506346,
        1.9865754474639892,
        1.938177245903015,
        1.8954940649032592,
        1.8332884057998657,
        1.7859261724472046,
        1.7312680473327637,
        1.6687929605484009,
        1.6070950044631958,
        1.5469737976074218,
        1.4677738681793213,
        1.406006350326538,
        1.3349757379531861,
        1.2506096962928772,
        1.1691215766906737,
        1.0734157426834106,
        0.9802894778251648,
        0.8912923844337464,
        0.7931402713298797,
        0.6965060178279877,
        0.6040701793670654,
        0.5204701919078827,
        0.45248594186306,
        0.3919628873109818,
        0.3448396388530731,
        0.3129089916229248,
        0.2898231912612915,
        0.2773168127298355,
        0.2685058157920837
    ],
    "train_acc": [
        3.095,
        8.26,
        14.5575,
        20.10375,
        24.84125,
        28.2675,
        31.435,
        33.69,
        35.425,
        37.29,
        38.76875,
        39.98125,
        41.0525,
        42.0125,
        43.4275,
        44.23375,
        44.86,
        46.05625,
        47.07,
        47.56,
        48.8575,
        49.665,
        50.6025,
        51.61375,
        52.77625,
        54.105,
        55.14875,
        56.08125,
        57.5075,
        59.04625,
        60.34,
        62.4175,
        63.62625,
        65.1325,
        67.34875,
        69.3025,
        71.91375,
        74.1625,
        76.55375,
        79.34375,
        81.86875,
        84.76375,
        87.22125,
        89.185,
        91.12,
        92.47,
        93.5575,
        94.28375,
        94.58,
        94.73375
    ],
    "val_loss": [
        4.647876955141687,
        4.135155011134542,
        3.6299964121192883,
        3.8019646687112796,
        3.37493774693483,
        3.1724382266876803,
        3.0882936192166275,
        2.932050249379152,
        2.879805416058583,
        3.353605738111362,
        2.792863120698625,
        2.723819154083349,
        3.2566010754579193,
        3.177349072353096,
        2.4511182399312403,
        2.4636552356610633,
        2.6464296146562902,
        2.5241076293264983,
        2.408739859890786,
        2.4632346015067617,
        2.4154806387652257,
        2.5546465352842005,
        2.359873956935421,
        2.3848264953892704,
        2.2489666392089456,
        2.2833070732226037,
        2.118958775404912,
        2.193239244685811,
        2.3854694328490336,
        2.211841026688837,
        2.036084222186143,
        2.123788795653422,
        1.9389896916735703,
        1.930725580567767,
        2.0006872445914397,
        1.9394428365549463,
        1.9288284414133448,
        1.8341847362032362,
        1.8000552790939428,
        1.7770087202643132,
        1.7666966155835777,
        1.7186937172701404,
        1.6857638951319798,
        1.6549032751921635,
        1.6539431339616228,
        1.6397671441363681,
        1.6338208063392883,
        1.6177593712594098,
        1.6198315104101872,
        1.6151869304620536
    ],
    "val_acc": [
        5.115,
        10.97,
        18.12,
        18.78,
        23.955,
        26.98,
        28.7,
        31.815,
        33.065,
        26.995,
        34.745,
        35.975,
        30.585,
        31.91,
        41.205,
        41.49,
        38.965,
        41.17,
        42.685,
        42.005,
        42.93,
        41.15,
        44.14,
        43.945,
        46.325,
        46.195,
        49.52,
        48.005,
        44.67,
        48.7,
        51.34,
        50.53,
        52.95,
        53.515,
        52.485,
        54.375,
        54.64,
        56.36,
        57.41,
        58.02,
        58.285,
        59.21,
        60.355,
        61.01,
        61.495,
        61.335,
        61.705,
        61.84,
        61.92,
        61.93
    ],
    "lr": [
        0.1,
        0.09990133740804936,
        0.09960573900837325,
        0.09911437139280907,
        0.09842917376485098,
        0.09755285028649953,
        0.09648885940616962,
        0.09524140020977474,
        0.09381539584885315,
        0.09221647411113801,
        0.09045094521025018,
        0.08852577688216808,
        0.08644856688675687,
        0.08422751302288148,
        0.08187138077543962,
        0.07938946872199754,
        0.07679157183555235,
        0.07408794282824872,
        0.07128925168860786,
        0.06840654357195758,
        0.0654511952102502,
        0.062434870013299164,
        0.05936947203862896,
        0.05626709901159846,
        0.05313999458120593,
        0.05000050000000002,
        0.046861005418794115,
        0.04373390098840159,
        0.04063152796137108,
        0.03756612998670086,
        0.034549804789749845,
        0.03159445642804247,
        0.028711748311392157,
        0.025913057171751287,
        0.02320942816444765,
        0.0206115312780025,
        0.01812961922456039,
        0.01577348697711853,
        0.013552433113243147,
        0.011475223117831933,
        0.009550054789749822,
        0.0077845258888620105,
        0.006185604151146845,
        0.004759599790225267,
        0.0035121405938303776,
        0.0024481497135004715,
        0.001571826235149016,
        0.0008866286071909283,
        0.000395260991626769,
        9.96625919506362e-05
    ],
    "config": {
        "epochs": 50,
        "batch_size": 128,
        "optimizer": "sgd",
        "scheduler": "cosine"
    },
    "total_training_time_seconds": 38728.65777897835,
    "total_training_time_hours": 10.757960494160653
}