{
    "train_loss": [
        5.08436968536377,
        4.6821025947570805,
        4.40625819015503,
        4.209001361465454,
        4.065701503753662,
        3.9514746948242188,
        3.8582476398468017,
        3.7930149909973143,
        3.729424139404297,
        3.690160229873657,
        3.64863708152771,
        3.6093005592346192,
        3.5804157138824464,
        3.5515882007598876,
        3.513799216079712,
        3.4823340145111086,
        3.46317890586853,
        3.427262245178223,
        3.400345026397705,
        3.370713521194458,
        3.3438604396820066,
        3.314318048477173,
        3.2727945304870607,
        3.243517378234863,
        3.2027084285736085,
        3.16842947807312,
        3.1345779083251952,
        3.0856733066558837,
        3.047030116271973,
        3.0068050022125243,
        2.9619711280822756,
        2.909248785018921,
        2.8564995357513427,
        2.811601210784912,
        2.746869948196411,
        2.6872194175720217,
        2.625533439254761,
        2.558449253463745,
        2.488240497970581,
        2.4164985374450683,
        2.33429358253479,
        2.2503719757080076,
        2.1669251846313475,
        2.0775991373062133,
        1.9938570777893065,
        1.9094872306823731,
        1.8367612808227538,
        1.779086215209961,
        1.7394643739700317,
        1.7219030576705932
    ],
    "train_acc": [
        2.45875,
        6.0825,
        9.93375,
        13.245,
        16.06375,
        18.37125,
        20.56375,
        21.70375,
        23.39125,
        24.33625,
        25.2475,
        26.3325,
        27.12375,
        27.73375,
        28.61,
        29.6125,
        29.8725,
        30.915,
        31.5975,
        32.15625,
        32.96,
        33.78625,
        34.66875,
        35.62875,
        36.6825,
        37.385,
        38.2875,
        39.6375,
        40.4825,
        42.00875,
        42.9025,
        44.58375,
        45.74,
        47.0525,
        48.98625,
        50.60375,
        52.34375,
        54.22125,
        56.225,
        58.26875,
        60.84875,
        63.3775,
        65.75,
        68.55875,
        71.19375,
        73.97,
        76.38875,
        78.24625,
        79.585,
        80.17125
    ],
    "val_loss": [
        4.829268379575887,
        4.618861265243239,
        4.327619789512294,
        4.024007768388007,
        3.996438431891666,
        3.812972191792385,
        4.254090632602668,
        3.682033484149131,
        3.9927829633093186,
        3.7936585617672867,
        3.893588377411958,
        3.9565917245901314,
        3.715552878227963,
        3.640741645910178,
        3.649251010007919,
        3.5235278849389142,
        3.680394145333843,
        3.9318156697947506,
        3.5361361321370315,
        3.3773095182552457,
        3.4899201560172304,
        3.4864640767407264,
        3.5181286380549146,
        3.4311146341311702,
        3.2117746210401985,
        3.31670777205449,
        3.158620867759559,
        3.14142576448477,
        3.088806419615533,
        3.074617173261703,
        2.9294995897135157,
        2.9407444121731316,
        2.913717667767956,
        2.831551002089385,
        2.799942581516922,
        2.9020338271074233,
        2.78873830540165,
        2.6257169018885134,
        2.5674936665091543,
        2.5240021040485163,
        2.504164706369874,
        2.4549930399390543,
        2.4061056443840076,
        2.3829117702071074,
        2.3308497872322227,
        2.2917676230145108,
        2.2932963758517224,
        2.261290360408224,
        2.25692659958153,
        2.2529525908694903
    ],
    "val_acc": [
        4.275,
        7.59,
        11.36,
        16.395,
        17.205,
        21.245,
        16.47,
        23.48,
        18.715,
        22.22,
        21.18,
        19.935,
        23.865,
        26.335,
        25.76,
        28.375,
        25.74,
        21.85,
        27.815,
        31.575,
        29.875,
        30.21,
        31.51,
        31.18,
        36.13,
        33.635,
        37.46,
        38.59,
        39.91,
        40.23,
        43.565,
        42.61,
        43.745,
        46.25,
        47.665,
        44.83,
        47.875,
        51.8,
        53.56,
        54.74,
        55.74,
        57.08,
        58.22,
        59.07,
        60.84,
        61.735,
        62.26,
        62.83,
        63.16,
        63.265
    ],
    "lr": [
        0.1,
        0.09990133740804936,
        0.09960573900837325,
        0.09911437139280907,
        0.09842917376485098,
        0.09755285028649953,
        0.09648885940616962,
        0.09524140020977474,
        0.09381539584885315,
        0.09221647411113801,
        0.09045094521025018,
        0.08852577688216808,
        0.08644856688675687,
        0.08422751302288148,
        0.08187138077543962,
        0.07938946872199754,
        0.07679157183555235,
        0.07408794282824872,
        0.07128925168860786,
        0.06840654357195758,
        0.0654511952102502,
        0.062434870013299164,
        0.05936947203862896,
        0.05626709901159846,
        0.05313999458120593,
        0.05000050000000002,
        0.046861005418794115,
        0.04373390098840159,
        0.04063152796137108,
        0.03756612998670086,
        0.034549804789749845,
        0.03159445642804247,
        0.028711748311392157,
        0.025913057171751287,
        0.02320942816444765,
        0.0206115312780025,
        0.01812961922456039,
        0.01577348697711853,
        0.013552433113243147,
        0.011475223117831933,
        0.009550054789749822,
        0.0077845258888620105,
        0.006185604151146845,
        0.004759599790225267,
        0.0035121405938303776,
        0.0024481497135004715,
        0.001571826235149016,
        0.0008866286071909283,
        0.000395260991626769,
        9.96625919506362e-05
    ],
    "config": {
        "epochs": 50,
        "batch_size": 128,
        "optimizer": "sgd",
        "scheduler": "cosine"
    },
    "total_training_time_seconds": 40046.959106206894,
    "total_training_time_hours": 11.124155307279693
}