{
    "train_loss": [
        4.981293953704834,
        4.6710157936096195,
        4.456787160110474,
        4.269937927246094,
        4.166040829849243,
        4.097639278221131,
        4.051869192504883,
        4.01708695640564,
        3.9944404512405396,
        3.9669172065734863,
        3.9478631704330445,
        3.9268339290618894,
        3.908879800796509,
        3.887378904914856,
        3.8630248334884643,
        3.847963038063049,
        3.8350539318084715,
        3.808043186378479,
        3.789794072341919,
        3.7651843629837036,
        3.7458820337295533,
        3.7229072872161866,
        3.70444766330719,
        3.6696274890899656,
        3.6464082365036012,
        3.6244181089401244,
        3.591461378479004,
        3.5672983987808227,
        3.5385105905532837,
        3.500424295806885,
        3.4664047214508056,
        3.4352536973953245,
        3.392125145339966,
        3.3565406568527223,
        3.3091151336669924,
        3.264179882621765,
        3.2172227993011475,
        3.1664851545333863,
        3.1203609716415404,
        3.0697166650772094,
        3.0202934951782225,
        2.9663632831573485,
        2.9099988801956176,
        2.8528467824935912,
        2.796233288192749,
        2.7368384880065917,
        2.6783446744918824,
        2.630848151397705,
        2.5912480421066286,
        2.5714257486343386
    ],
    "train_acc": [
        3.10375,
        6.37625,
        9.4375,
        12.51625,
        14.52625,
        15.785,
        16.715,
        17.61125,
        18.0075,
        18.59375,
        19.15125,
        19.305,
        19.85625,
        20.2425,
        20.9375,
        21.1875,
        21.36125,
        21.96,
        22.5225,
        23.0375,
        23.46125,
        23.91,
        24.32625,
        25.07125,
        25.795,
        26.25375,
        27.0675,
        27.57875,
        28.1175,
        28.97,
        30.01625,
        30.73125,
        31.4875,
        32.56125,
        33.6725,
        34.84375,
        36.00625,
        37.13,
        38.41375,
        39.72875,
        41.09,
        42.40125,
        43.95125,
        45.48375,
        47.18625,
        48.8925,
        50.41375,
        51.79125,
        52.81125,
        53.40125
    ],
    "val_loss": [
        4.796495547309851,
        4.603585103068489,
        4.598822069625124,
        4.541474363674371,
        4.552472058195656,
        4.394899708013565,
        4.447837407596576,
        4.240653892675528,
        4.371799572588156,
        4.249092172890807,
        4.328995878323198,
        4.033420945127932,
        4.395041672185587,
        4.0996257093386905,
        4.465245079308653,
        4.180700922926394,
        3.8652556506208717,
        3.988494926367324,
        4.087924144519404,
        3.9483372487199193,
        4.051880333751154,
        3.9440410213348582,
        4.224174897129924,
        3.7255946858622395,
        4.269664305848435,
        3.691987653129017,
        3.7060353070402297,
        4.061695050126828,
        3.684345339814695,
        3.8445291953345837,
        3.5220965821141252,
        3.7492339694842745,
        3.509666807735309,
        3.4789368824456064,
        3.302978677109788,
        3.3759259674876643,
        3.202259187881177,
        3.161565463763837,
        3.129608748439021,
        3.5306914142145516,
        3.0927066033640607,
        2.935464759985098,
        2.8903054155099888,
        2.9275013798722824,
        2.7735138647853375,
        2.728674923649992,
        2.682562771696633,
        2.644002865678586,
        2.620377473556957,
        2.6160769713953282
    ],
    "val_acc": [
        4.76,
        8.245,
        8.715,
        9.765,
        10.47,
        12.43,
        12.04,
        13.51,
        13.045,
        15.08,
        14.22,
        17.215,
        13.22,
        18.395,
        13.25,
        16.465,
        21.505,
        18.985,
        17.69,
        20.405,
        18.845,
        20.53,
        17.635,
        23.605,
        17.165,
        24.725,
        24.0,
        19.075,
        25.03,
        23.57,
        28.375,
        24.1,
        29.1,
        29.875,
        33.685,
        32.545,
        35.945,
        37.34,
        37.33,
        29.035,
        38.88,
        42.745,
        44.395,
        43.54,
        47.42,
        48.365,
        49.775,
        50.92,
        51.475,
        51.61
    ],
    "lr": [
        0.1,
        0.09990133740804936,
        0.09960573900837325,
        0.09911437139280907,
        0.09842917376485098,
        0.09755285028649953,
        0.09648885940616962,
        0.09524140020977474,
        0.09381539584885315,
        0.09221647411113801,
        0.09045094521025018,
        0.08852577688216808,
        0.08644856688675687,
        0.08422751302288148,
        0.08187138077543962,
        0.07938946872199754,
        0.07679157183555235,
        0.07408794282824872,
        0.07128925168860786,
        0.06840654357195758,
        0.0654511952102502,
        0.062434870013299164,
        0.05936947203862896,
        0.05626709901159846,
        0.05313999458120593,
        0.05000050000000002,
        0.046861005418794115,
        0.04373390098840159,
        0.04063152796137108,
        0.03756612998670086,
        0.034549804789749845,
        0.03159445642804247,
        0.028711748311392157,
        0.025913057171751287,
        0.02320942816444765,
        0.0206115312780025,
        0.01812961922456039,
        0.01577348697711853,
        0.013552433113243147,
        0.011475223117831933,
        0.009550054789749822,
        0.0077845258888620105,
        0.006185604151146845,
        0.004759599790225267,
        0.0035121405938303776,
        0.0024481497135004715,
        0.001571826235149016,
        0.0008866286071909283,
        0.000395260991626769,
        9.96625919506362e-05
    ],
    "config": {
        "epochs": 50,
        "batch_size": 64,
        "optimizer": "sgd",
        "scheduler": "cosine"
    },
    "total_training_time_seconds": 87990.83630609512,
    "total_training_time_hours": 24.44189897391531,
    "peak_training_memory_mb": 13114.40625
}