{
    "train_loss": [
        5.207717755126954,
        4.870025299072266,
        4.575324645996094,
        4.382506527709961,
        4.228935859298706,
        4.116659368896484,
        4.013579808044433,
        3.9342497436523436,
        3.8575465671539306,
        3.807313070297241,
        3.752004072570801,
        3.7000081718444826,
        3.669781872558594,
        3.636899157333374,
        3.6043510719299316,
        3.5742580307006837,
        3.550966200256348,
        3.532676955795288,
        3.509400677871704,
        3.4861468547821044,
        3.466368130874634,
        3.448024030303955,
        3.4223391998291017,
        3.408158988571167,
        3.3870077152252196,
        3.367003544998169,
        3.34888042678833,
        3.3234281288146974,
        3.3086103939056395,
        3.284155881500244,
        3.267121953582764,
        3.2424186260223387,
        3.218731617355347,
        3.1987418640136718,
        3.17745973777771,
        3.1478361125946046,
        3.117962166213989,
        3.0921916259765627,
        3.0718942485809326,
        3.0421546096801757,
        3.0132394527435302,
        2.9943142860412597,
        2.959285649871826,
        2.9276838623046877,
        2.892546305847168,
        2.8593605335235597,
        2.8228466915130617,
        2.788828605270386,
        2.750033218383789,
        2.7140258869171143,
        2.6755027896881103,
        2.629975078582764,
        2.58539467124939,
        2.541289298629761,
        2.4902408576965334,
        2.4412642921447754,
        2.39009659614563,
        2.3336785522460937,
        2.2750347148895265,
        2.2186872060775755,
        2.147496168899536,
        2.0858110675811767,
        2.0162521286010744,
        1.937272031211853,
        1.862130366706848,
        1.7793274383544921,
        1.68788046169281,
        1.6104004684448243,
        1.522960450553894,
        1.4451519857406616,
        1.374840589904785,
        1.3078661231994628,
        1.2549959968566895,
        1.2106532991409302,
        1.1752744821548462,
        1.1501443374633789,
        1.1347697828292846,
        1.1203614854812622,
        1.1140072465896607,
        1.1107501865386964
    ],
    "train_acc": [
        1.2625,
        3.55875,
        6.98375,
        9.6825,
        12.40625,
        14.51375,
        16.79625,
        18.195,
        19.79125,
        20.95,
        22.3625,
        23.49625,
        24.2275,
        24.925,
        25.63,
        26.415,
        27.05,
        27.62,
        28.19,
        28.46125,
        29.0375,
        29.46125,
        29.90125,
        30.59125,
        31.14125,
        31.565,
        31.78625,
        32.4025,
        32.7875,
        33.185,
        33.83375,
        34.61125,
        35.11375,
        35.7575,
        36.08125,
        36.56,
        37.51125,
        38.07375,
        38.66875,
        39.4175,
        39.99125,
        40.52,
        41.59125,
        42.29875,
        43.09625,
        43.94625,
        44.80875,
        45.7425,
        46.71125,
        47.5775,
        48.6775,
        49.7475,
        50.92125,
        52.24625,
        53.5675,
        54.82625,
        56.37125,
        57.88625,
        59.52125,
        60.965,
        63.06875,
        65.0975,
        67.135,
        69.565,
        71.7925,
        74.595,
        77.59875,
        80.2375,
        83.27625,
        86.015,
        88.36875,
        90.80875,
        92.5075,
        93.98125,
        95.07,
        95.9575,
        96.32375,
        96.75625,
        96.90125,
        96.95125
    ],
    "val_loss": [
        5.072520553686057,
        4.664701188445851,
        4.546373491833924,
        4.9506767995797905,
        4.518449652726483,
        4.201681852340698,
        4.422240548832401,
        4.067027974280582,
        4.274973264925039,
        3.97369197523518,
        4.090591476221753,
        3.8979157095502135,
        4.073816956987806,
        4.121833016158669,
        3.9525312906617573,
        4.080666276300029,
        4.081396230466806,
        4.021501320942193,
        3.877689317533165,
        3.962964659283875,
        4.148178001877609,
        4.988629969821614,
        3.7561079089049323,
        3.7325431510900997,
        3.899103196563235,
        3.6461499967392843,
        3.8930300314714956,
        3.580951049828985,
        3.6844260753340023,
        3.7135549548325266,
        3.462410381645154,
        3.8005456559976953,
        3.876458061728508,
        4.14168559821548,
        3.4510279461077062,
        3.6698481383597015,
        3.7938636032639037,
        3.402092827353508,
        3.313985335599085,
        3.3551734480888222,
        3.4257020418810997,
        3.584325287752091,
        3.258303156324253,
        3.266943053834757,
        3.160231974474184,
        3.1098807176966576,
        3.056325967144814,
        3.4800265457979433,
        3.1297706008716752,
        3.2902181376317503,
        3.0376377470174414,
        3.011379055156829,
        3.075731730005544,
        2.9886572163575775,
        2.912117557161173,
        2.977390281713692,
        3.0257087756114402,
        2.8797330233701475,
        2.9458309571454477,
        2.814853783625706,
        2.739585742828952,
        2.724101081775252,
        2.6881367689485005,
        2.68447644239778,
        2.721610464108218,
        2.6485143163401608,
        2.6247172856786447,
        2.6161331811528297,
        2.625030863816571,
        2.5410094572480317,
        2.5385259974534344,
        2.531765201289183,
        2.516341608800706,
        2.497179365461799,
        2.4959738831611196,
        2.489564543317078,
        2.4801906795258732,
        2.4794428500400225,
        2.4751575418338656,
        2.473824215542739
    ],
    "val_acc": [
        2.325,
        5.81,
        7.965,
        5.785,
        9.475,
        14.01,
        11.405,
        16.1,
        14.025,
        18.455,
        17.095,
        20.475,
        17.785,
        17.015,
        19.95,
        19.305,
        20.16,
        19.63,
        21.59,
        20.29,
        18.88,
        12.005,
        24.115,
        24.04,
        22.415,
        26.265,
        22.365,
        27.6,
        25.5,
        24.495,
        30.245,
        24.46,
        23.85,
        20.16,
        31.055,
        25.975,
        25.33,
        32.335,
        33.835,
        33.29,
        32.295,
        28.405,
        34.985,
        35.155,
        37.205,
        38.7,
        39.51,
        32.125,
        38.625,
        35.965,
        41.04,
        41.88,
        40.085,
        41.84,
        44.29,
        42.885,
        42.46,
        45.43,
        44.2,
        47.225,
        49.11,
        49.575,
        50.1,
        50.77,
        50.4,
        52.44,
        52.695,
        53.51,
        53.41,
        55.535,
        55.685,
        56.015,
        56.315,
        56.95,
        57.095,
        57.375,
        57.73,
        57.68,
        57.64,
        57.66
    ],