{
    "train_loss": [
        5.283331632232666,
        5.08956478729248,
        4.9164173828125,
        4.768626679992676,
        4.6542331398010255,
        4.577226719665528,
        4.512086193847656,
        4.4536743309021,
        4.415042610168457,
        4.387601832962036,
        4.3394287422180176,
        4.307226723480224,
        4.302624917602539,
        4.288862771224975,
        4.267257292556763,
        4.2156232131958005,
        4.181439485549927,
        4.1677467796325685,
        4.177953369903564,
        4.143005961990356,
        4.132647245788574,
        4.103093577575684,
        4.0843696105957035,
        4.0620289909362794,
        4.052773519134521,
        4.043615008163452,
        4.012785836791992,
        3.970237561035156,
        3.9952254737854003,
        3.9926981071472167,
        3.9804893505096435,
        3.9148980506896973,
        3.9000349319458008,
        3.880676140975952,
        3.885976469039917,
        3.8384832397460937,
        3.8161948989868164,
        3.858262780380249,
        3.8172884841918946,
        3.7902830715179445,
        3.7705186428070068,
        3.7178753547668455,
        3.7210322986602784,
        3.672984755706787,
        3.662187406158447,
        3.6241034690856933,
        3.614576844024658,
        3.5764979824066163,
        3.539254956817627,
        3.572818702316284,
        3.500189437866211,
        3.4244380435943604,
        3.43446607131958,
        3.3496240619659425,
        3.3396096546173095,
        3.299133840560913,
        3.3006064655303957,
        3.2527148281097413,
        3.174722743988037,
        3.1857645610809326,
        3.129473203277588,
        3.047739886856079,
        3.0596342697143553,
        2.9479850818634032,
        2.935324143218994,
        2.8956998054504393,
        2.7679631395339968,
        2.7339744853973387,
        2.723088579559326,
        2.662169344520569,
        2.5364874322891233,
        2.523053003311157,
        2.477071983718872,
        2.360122731590271,
        2.3047947994232176,
        2.2206045751571657,
        2.2379486698150637,
        2.180381417274475,
        2.158415446853638,
        2.232375579071045
    ],
    "train_acc": [
        0.90875,
        1.8875,
        3.23125,
        4.45,
        6.245,
        7.24625,
        8.3875,
        9.16625,
        9.96375,
        10.76625,
        11.21,
        12.005,
        12.43625,
        12.72375,
        12.98375,
        14.1875,
        14.58875,
        15.10625,
        15.3025,
        15.43,
        15.88375,
        16.60625,
        16.97125,
        17.6925,
        17.57,
        17.55,
        18.055,
        18.8925,
        18.28625,
        19.215,
        18.9225,
        20.54875,
        20.6925,
        20.43875,
        21.04875,
        21.63125,
        22.8475,
        21.93,
        22.575,
        23.3075,
        23.405,
        24.5625,
        24.625,
        25.24,
        26.16,
        26.77625,
        27.23625,
        27.9675,
        29.06125,
        28.2075,
        29.78125,
        29.88,
        32.4975,
        33.475,
        32.82,
        34.28375,
        34.045,
        35.95625,
        36.67875,
        36.72625,
        38.935,
        40.6575,
        39.5625,
        42.77,
        43.70375,
        45.11625,
        47.2325,
        48.12875,
        49.3275,
        50.8275,
        53.1975,
        52.64875,
        55.95875,
        57.61,
        57.94,
        61.385,
        62.035,
        64.10375,
        63.8075,
        61.72875
    ],
    "val_loss": [
        5.110106264709667,
        4.904289512877252,
        4.8208332638831655,
        4.578396110777643,
        4.750839989656096,
        4.367119236356893,
        4.66713880429602,
        4.646972009330798,
        4.486625549899545,
        4.310697669436218,
        4.5087250357220885,
        4.234804842882095,
        4.348224697598986,
        4.291929014169487,
        4.155823464606218,
        4.17761019536644,
        3.859528398817512,
        4.392589515941158,
        4.122765437812562,
        4.026908112179702,
        3.9848835240503786,
        4.166840027851664,
        3.7879765595600103,
        3.9412075911357904,
        3.84182554141731,
        3.9750471449202034,
        3.803647439191296,
        4.08513659428639,
        3.9813258207527693,
        4.258864340508819,
        3.838814050528654,
        3.6500520630247273,
        3.7385335014124585,
        3.861277943204163,
        3.885074384652885,
        3.8354607099180766,
        3.696541110421442,
        3.7908111286770767,
        3.3956846583421063,
        3.683475403269385,
        3.5287810465332807,
        3.3698140648519916,
        3.628352543350997,
        3.45514496724317,
        3.4575860014387,
        3.515260372951532,
        3.41262210858096,
        3.4589665649802823,
        3.688832652037311,
        3.2193659187122514,
        3.227071011901661,
        3.4392954528711406,
        3.1846780017682703,
        3.2058749381144334,
        3.0631616358544416,
        2.9825297829451833,
        2.985652610754511,
        2.9508796208983012,
        2.8857034649818565,
        2.9283962447172516,
        2.7760061746949605,
        2.831112744701896,
        2.7326846320158356,
        2.7101957205754177,
        2.6385296879300646,
        2.745016536894877,
        2.5684546649835673,
        2.5289896081207663,
        2.5419837593272994,
        2.477641454927481,
        2.454825064179244,
        2.4131172158915524,
        2.38016063240683,
        2.369877089360717,
        2.3533103845681356,
        2.326841216178457,
        2.3107564950444894,
        2.3164509906890287,
        2.3077635157639813,
        2.3062111708768613
    ],
    "val_acc": [
        1.695,
        3.52,
        4.265,
        6.63,
        5.67,
        9.895,
        7.47,
        7.705,
        9.79,
        10.825,
        9.405,
        13.91,
        12.13,
        12.725,
        14.325,
        14.74,
        19.865,
        12.98,
        15.345,
        16.88,
        18.805,
        15.92,
        22.555,
        18.97,
        21.91,
        19.28,
        21.965,
        17.105,
        19.015,
        15.36,
        22.58,
        25.035,
        23.59,
        22.745,
        21.86,
        22.67,
        24.87,
        23.695,
        30.75,
        25.32,
        27.94,
        32.19,
        27.34,
        30.135,
        31.04,
        29.43,
        31.36,
        31.06,
        26.995,
        35.95,
        35.755,
        31.085,
        37.355,
        36.835,
        39.905,
        41.68,
        41.67,
        42.81,
        44.54,
        43.8,
        46.995,
        45.75,
        48.525,
        49.225,
        50.52,
        48.005,
        52.755,
        53.82,
        53.31,
        55.185,
        55.76,
        57.12,
        58.185,
        58.645,
        59.09,
        59.915,
        60.14,
        60.26,
        60.54,
        60.605
    ],