{
    "train_loss": [
        5.25348177809304,
        5.0410038609855095,
        4.902129947187039,
        4.768462606131459,
        4.628058023726978,
        4.494461833478543,
        4.353306901340668,
        4.232085041344737,
        4.11936790950763,
        4.011007583941134,
        3.9326043486976014,
        3.8685639986214926,
        3.8028458871018773,
        3.7348742256530176,
        3.6837054060670895,
        3.6688849979315323,
        3.6485458578164587,
        3.5417883860798307,
        3.490590250149322,
        3.4412314937518427,
        3.3905211949881653,
        3.332380349643695,
        3.3128359355865578,
        3.278149963567813,
        3.215640180027142,
        3.1590894563510394,
        3.119200043023204,
        3.0798215721361935,
        3.0441923210034356,
        2.9994584805668354,
        2.965127175608382,
        2.9343398493318893,
        2.8910333005764994,
        2.861939010528711,
        2.8243351645363024,
        2.7959986311939957,
        2.7559365296897034,
        2.729857755545229,
        2.6894974685705506,
        2.6555780305649144
    ],
    "train_acc": [
        1.17,
        2.43125,
        3.66625,
        5.405,
        7.37375,
        9.48125,
        11.66875,
        13.71875,
        15.8625,
        17.67,
        19.40625,
        20.6825,
        21.87125,
        23.33,
        24.3525,
        24.8025,
        25.08125,
        27.58125,
        28.7875,
        29.67875,
        30.94,
        32.1675,
        32.635,
        33.55125,
        35.05375,
        36.45375,
        37.2925,
        38.285,
        39.1275,
        40.235,
        41.1825,
        41.76875,
        43.0925,
        43.6175,
        44.59125,
        45.175,
        46.35625,
        47.18875,
        48.11375,
        48.80875
    ],
    "val_loss": [
        5.099123574510405,
        4.923189609865599,
        4.798332262642776,
        4.633208781858034,
        4.479374034495294,
        4.330447758300395,
        4.255322601221785,
        4.092865261850478,
        3.9596247159982028,
        3.8588704851609243,
        4.660243643990046,
        4.012115004696423,
        3.736522511590885,
        3.634410378299182,
        3.9436963298652747,
        4.57760144487212,
        3.6815090722675565,
        3.563972264905519,
        3.6055507629732544,
        3.563589005530635,
        3.5134558828571176,
        3.399062796484066,
        3.487240899967242,
        3.285608976702147,
        3.280944471117816,
        3.2189237196234206,
        3.3392897768865657,
        3.179975594146342,
        3.1727572302275067,
        3.2001721013950397,
        3.1930853022804744,
        3.275655167012275,
        3.1290214755867103,
        3.358216831955729,
        3.1310652841495563,
        3.0712565500524978,
        3.11667605291439,
        3.1329865123652203,
        3.138691736173026,
        3.127331308171719
    ],
    "val_acc": [
        1.99,
        3.03,
        5.04,
        7.695,
        9.36,
        11.86,
        13.34,
        16.29,
        18.895,
        20.405,
        12.13,
        19.18,
        23.43,
        25.77,
        24.7,
        14.89,
        28.135,
        27.42,
        27.83,
        27.74,
        29.49,
        31.25,
        30.345,
        33.75,
        34.155,
        35.545,
        33.145,
        36.45,
        36.905,
        36.675,
        37.46,
        36.59,
        38.96,
        35.09,
        38.055,
        39.745,
        38.71,
        38.885,
        40.145,
        39.345
    ],
    "lr": [
        0.1,
        0.09997532826500641,
        0.09990133740804938,
        0.09977810044917171,
        0.09960573900837326,
        0.0993844231855866,
        0.09911437139280908,
        0.09879585013855641,
        0.098429173764851,
        0.09801470413700433,
        0.09755285028649954,
        0.09704406800732682,
        0.09648885940616964,
        0.09588777240688622,
        0.09524140020977476,
        0.09455038070615632,
        0.09381539584885318,
        0.09303717097918371,
        0.09221647411113804,
        0.09135411517344098,
        0.09045094521025021,
        0.08950785554127835,
        0.08852577688216809,
        0.08750567842598818,
        0.08644856688675688,
        0.08535548550593679,
        0.08422751302288148,
        0.08306576261024994,
        0.08187138077543962,
        0.08064554622912201,
        0.07938946872199754,
        0.07810438785091763,
        0.07679157183555235,
        0.0754523162668107,
        0.07408794282824872,
        0.07269979799172747,
        0.07128925168860785,
        0.06985769595779372,
        0.06840654357195758,
        0.06693722664330447
    ],
    "config": {
        "epochs": 40,
        "batch_size": 256,
        "optimizer": "sgd",
        "scheduler": "cosine"
    },
    "total_training_time_seconds": 7369.903314304352,
    "total_training_time_hours": 2.047195365084542,
    "peak_training_memory_mb": 2027.703125
}