{
    "train_loss": [
        4.950549805450439,
        4.4448294921875,
        4.1116287094116215,
        3.942810461807251,
        3.8223898639678957,
        3.7366735763549803,
        3.659664821624756,
        3.5864708183288574,
        3.520656842041016,
        3.4692500118255616,
        3.4087073867797852,
        3.349168649673462,
        3.2979707233428956,
        3.233138726043701,
        3.1888482456207274,
        3.1393941429138184,
        3.0894729572296145,
        3.037829397201538,
        2.9842529556274413,
        2.926311277770996,
        2.8634535724639893,
        2.8109729518890383,
        2.7515110916137697,
        2.6910281005859376,
        2.6304792064666747,
        2.5572215282440185,
        2.495240884399414,
        2.41466446018219,
        2.348327028656006,
        2.272230650901794,
        2.180253376197815,
        2.1085624252319337,
        2.015052749824524,
        1.9231894826889038,
        1.8296274187088013,
        1.723776848220825,
        1.6281652616500855,
        1.5114265634536743,
        1.4059871374130248,
        1.2884087156295776,
        1.1737927079200745,
        1.0680300745010376,
        0.9646779121398926,
        0.8620371042251587,
        0.7747113514900208,
        0.7034917376518249,
        0.6489557809829712,
        0.6051930016517639,
        0.5839699101448059,
        0.5687136348247528
    ],
    "train_acc": [
        2.6375,
        6.90625,
        11.10625,
        13.7975,
        15.7725,
        17.0975,
        18.595,
        19.77375,
        20.865,
        21.85375,
        22.90875,
        24.12,
        24.835,
        26.175,
        27.035,
        27.8675,
        28.65375,
        29.61625,
        30.42625,
        31.61625,
        32.98,
        33.61625,
        34.975,
        36.21125,
        37.06,
        38.64125,
        39.79875,
        41.35875,
        42.41875,
        43.8075,
        45.815,
        47.17875,
        49.1225,
        50.79375,
        52.88875,
        54.9725,
        57.2275,
        59.5275,
        61.98375,
        64.66125,
        67.3175,
        69.925,
        72.675,
        75.23,
        77.62375,
        79.61625,
        81.24875,
        82.3675,
        83.05375,
        83.37375
    ],
    "val_loss": [
        4.590883959630492,
        4.199445721450125,
        3.9958064556121826,
        3.948451558495783,
        3.662778916632294,
        3.6173598492980763,
        3.7238849029419527,
        3.5325183473574886,
        3.803224923504386,
        3.4110681114682726,
        3.3426228085900567,
        3.3964073870592055,
        3.3435988532509775,
        3.3657785039039174,
        3.1857442491373438,
        3.272683192210592,
        2.9754673326091403,
        3.0669827354941397,
        3.287631573950409,
        2.8748211602496494,
        2.8884085075111146,
        3.0228926042082964,
        2.770958113822208,
        3.0894913354497047,
        3.1341069260979912,
        2.814609292206491,
        2.661608377080055,
        2.851791661256438,
        2.6847510201156517,
        2.704805623194215,
        2.6781710333125606,
        2.545236128910332,
        2.558024515771562,
        2.8680342048596423,
        2.4384190368044907,
        2.426790990647237,
        2.398734469322642,
        2.3916197627972644,
        2.3729356276761195,
        2.4003415753127664,
        2.330640352455674,
        2.3491280200375115,
        2.33836237032702,
        2.326624091263789,
        2.344058834063779,
        2.3505881174354797,
        2.3609624820150388,
        2.34713316571181,
        2.3558320300594255,
        2.3566816285916956
    ],
    "val_acc": [
        5.18,
        9.495,
        13.01,
        14.03,
        17.865,
        19.065,
        18.32,
        20.845,
        17.195,
        22.96,
        24.06,
        23.79,
        25.12,
        24.91,
        27.735,
        26.035,
        31.61,
        30.105,
        26.285,
        33.235,
        32.845,
        31.19,
        35.56,
        30.13,
        30.5,
        35.455,
        37.64,
        34.56,
        37.205,
        37.145,
        38.135,
        40.105,
        40.4,
        36.495,
        43.265,
        43.91,
        44.77,
        44.845,
        45.22,
        45.15,
        47.49,
        47.895,
        48.19,
        49.4,
        49.56,
        50.065,
        50.34,
        50.735,
        50.755,
        50.83
    ],
    "lr": [
        0.1,
        0.09990133740804936,
        0.09960573900837325,
        0.09911437139280907,
        0.09842917376485098,
        0.09755285028649953,
        0.09648885940616962,
        0.09524140020977474,
        0.09381539584885315,
        0.09221647411113801,
        0.09045094521025018,
        0.08852577688216808,
        0.08644856688675687,
        0.08422751302288148,
        0.08187138077543962,
        0.07938946872199754,
        0.07679157183555235,
        0.07408794282824872,
        0.07128925168860786,
        0.06840654357195758,
        0.0654511952102502,
        0.062434870013299164,
        0.05936947203862896,
        0.05626709901159846,
        0.05313999458120593,
        0.05000050000000002,
        0.046861005418794115,
        0.04373390098840159,
        0.04063152796137108,
        0.03756612998670086,
        0.034549804789749845,
        0.03159445642804247,
        0.028711748311392157,
        0.025913057171751287,
        0.02320942816444765,
        0.0206115312780025,
        0.01812961922456039,
        0.01577348697711853,
        0.013552433113243147,
        0.011475223117831933,
        0.009550054789749822,
        0.0077845258888620105,
        0.006185604151146845,
        0.004759599790225267,
        0.0035121405938303776,
        0.0024481497135004715,
        0.001571826235149016,
        0.0008866286071909283,
        0.000395260991626769,
        9.96625919506362e-05
    ],
    "config": {
        "epochs": 50,
        "batch_size": 128,
        "optimizer": "sgd",
        "scheduler": "cosine",
        "learning_rate": 0.1
    },
    "total_training_time_seconds": 3423600,
    "total_training_time_hours": 9.51
}