{
    "train_loss": [
        4.999610400390625,
        4.578343041992188,
        4.268444469833374,
        4.079309548950195,
        3.989449504852295,
        3.908880710983276,
        3.844168511581421,
        3.7652320335388185,
        3.7067130569458007,
        3.6429155529022217,
        3.591052522659302,
        3.5372709938049316,
        3.49849274559021,
        3.4522379486083983,
        3.3978831691741944,
        3.358723762130737,
        3.3056670780181885,
        3.2536684787750243,
        3.2086903869628904,
        3.1553303817749025,
        3.1129993743896485,
        3.054400927734375,
        3.002047510910034,
        2.9542665531158447,
        2.8859458000183107,
        2.8294432632446287,
        2.766719797515869,
        2.7119246215820314,
        2.6368289371490476,
        2.5655426612854004,
        2.509979063796997,
        2.4294887252807618,
        2.3559990850448607,
        2.277028554916382,
        2.1973493955612184,
        2.110157485961914,
        2.0184529726028444,
        1.936231750869751,
        1.840674827003479,
        1.7527374090194703,
        1.6465659481048585,
        1.5480597749710083,
        1.4554967824935914,
        1.361899510860443,
        1.2763302192687989,
        1.206365587615967,
        1.144514975452423,
        1.0985225388526916,
        1.0571404078483582,
        1.0417267486572266
    ],
    "train_acc": [
        2.22,
        5.345,
        9.24375,
        11.8125,
        13.30125,
        14.44,
        15.67625,
        16.96625,
        17.8,
        19.21875,
        19.91,
        20.9425,
        21.39375,
        22.28875,
        23.21625,
        23.86875,
        24.79875,
        25.76,
        26.73125,
        27.38875,
        28.08,
        29.22875,
        30.04625,
        31.0475,
        32.3125,
        33.05125,
        34.35125,
        35.6475,
        36.88375,
        38.08375,
        39.20125,
        40.7825,
        42.13375,
        43.86625,
        45.10125,
        47.04375,
        48.92625,
        50.3975,
        52.54625,
        54.2775,
        56.7125,
        58.78625,
        61.00375,
        63.22,
        65.19625,
        66.97125,
        68.5425,
        69.7625,
        70.80125,
        71.05375
    ],
    "val_loss": [
        4.684758830222354,
        4.381662382441721,
        4.22920514216089,
        3.8922110074644634,
        3.8621056383582437,
        3.8526962471615738,
        3.6716886553794716,
        3.587567203363795,
        3.896729727459561,
        3.420463036579691,
        3.472236466255917,
        3.3853693281768993,
        3.4214214397843477,
        3.3084604208636437,
        3.4414138125765854,
        3.4427452421492073,
        3.313679775614647,
        3.1270261767563547,
        3.233978204666429,
        3.0678406961404594,
        3.11582954977728,
        3.4206856557518055,
        3.0312601305117273,
        3.0318419538485775,
        3.0412491901664978,
        2.913139730502086,
        3.077173670386053,
        2.743627057713308,
        2.719888561090846,
        2.753264926801062,
        2.636635942823568,
        2.482824422751263,
        2.717154917443634,
        2.613677600386796,
        2.493895605111578,
        2.437734856727017,
        2.3654741329751956,
        2.2928869010536532,
        2.2791451565019645,
        2.325225764019474,
        2.215293803792091,
        2.184553832764838,
        2.1713314603088767,
        2.1668331653449187,
        2.163174050628759,
        2.1330117025193136,
        2.1336172872288213,
        2.1340510146633074,
        2.125713390149888,
        2.118105295357431
    ],
    "val_acc": [
        3.945,
        7.43,
        10.575,
        14.09,
        15.645,
        15.7,
        18.575,
        19.28,
        16.01,
        22.55,
        21.66,
        23.765,
        22.65,
        24.785,
        23.365,
        23.79,
        25.015,
        28.465,
        26.63,
        29.565,
        28.855,
        25.125,
        30.48,
        30.745,
        30.7,
        32.5,
        30.325,
        35.85,
        36.925,
        35.995,
        38.465,
        41.255,
        37.4,
        39.34,
        41.54,
        42.945,
        43.84,
        46.05,
        45.96,
        46.075,
        48.25,
        48.94,
        49.465,
        50.595,
        51.205,
        51.515,
        52.135,
        52.23,
        52.56,
        52.72
    ],
    "lr": [
        0.1,
        0.09990133740804936,
        0.09960573900837325,
        0.09911437139280907,
        0.09842917376485098,
        0.09755285028649953,
        0.09648885940616962,
        0.09524140020977474,
        0.09381539584885315,
        0.09221647411113801,
        0.09045094521025018,
        0.08852577688216808,
        0.08644856688675687,
        0.08422751302288148,
        0.08187138077543962,
        0.07938946872199754,
        0.07679157183555235,
        0.07408794282824872,
        0.07128925168860786,
        0.06840654357195758,
        0.0654511952102502,
        0.062434870013299164,
        0.05936947203862896,
        0.05626709901159846,
        0.05313999458120593,
        0.05000050000000002,
        0.046861005418794115,
        0.04373390098840159,
        0.04063152796137108,
        0.03756612998670086,
        0.034549804789749845,
        0.03159445642804247,
        0.028711748311392157,
        0.025913057171751287,
        0.02320942816444765,
        0.0206115312780025,
        0.01812961922456039,
        0.01577348697711853,
        0.013552433113243147,
        0.011475223117831933,
        0.009550054789749822,
        0.0077845258888620105,
        0.006185604151146845,
        0.004759599790225267,
        0.0035121405938303776,
        0.0024481497135004715,
        0.001571826235149016,
        0.0008866286071909283,
        0.000395260991626769,
        9.96625919506362e-05
    ],
    "config": {
        "epochs": 50,
        "batch_size": 128,
        "optimizer": "sgd",
        "scheduler": "cosine"
    },
    "total_training_time_seconds": 28489.59285712242,
    "total_training_time_hours": 7.913775793645117
}