{
    "train_loss": [
        5.3010873626708985,
        5.23463723526001,
        5.112549215698242,
        5.044311273956299,
        4.996101547241211,
        4.9620453620910645,
        4.905336962890625,
        4.8595687164306645,
        4.851133368682861,
        4.876760363769531,
        4.8596928016662595,
        4.845336128997802,
        4.8499596992492675,
        4.983439556884766,
        4.997954332733154,
        4.910059270477295,
        4.869713259124756,
        4.8384903610229495,
        4.807291608428955,
        4.79167961730957,
        4.842319444274902,
        4.799774757385254,
        4.786496236419678,
        4.745182218170166,
        4.756206716156006,
        4.699444683074951,
        4.692346968078613,
        4.677073095703125,
        4.659914409637451,
        4.636183921051026,
        4.622884144592285,
        4.612639491271973,
        4.600477182006836,
        4.593008145904541,
        4.577460489654541,
        4.57233067855835,
        4.56422815170288,
        4.551892907714843,
        4.537024241638184,
        4.527036367797852,
        4.518391268920898,
        4.5141987449646,
        4.505572657012939,
        4.499369052124023,
        4.492272046661377,
        4.490720697021485,
        4.485907632446289,
        4.486783556365967,
        4.487877352905273,
        4.482350499725341
    ],
    "train_acc": [
        0.83625,
        1.1425,
        2.1325,
        2.805,
        3.455,
        3.81125,
        4.44,
        5.0175,
        5.08625,
        4.79375,
        5.07,
        5.2475,
        5.27375,
        3.71875,
        3.385,
        4.39,
        4.7825,
        5.38875,
        5.535,
        5.87,
        5.395,
        5.78875,
        6.09875,
        6.53375,
        6.475,
        7.31375,
        7.3625,
        7.625,
        7.73625,
        8.275,
        8.53,
        8.51375,
        8.73,
        8.74625,
        9.22875,
        9.24375,
        9.45875,
        9.72,
        9.695,
        10.04125,
        10.0275,
        10.17875,
        10.4275,
        10.42375,
        10.595,
        10.6725,
        10.6875,
        10.7275,
        10.56875,
        10.64625
    ],
    "val_loss": [
        5.257485845286375,
        5.134288386934123,
        5.057807642942781,
        4.9896736327250295,
        4.933489395554658,
        4.870516169602704,
        4.800454771442777,
        4.7637237166143525,
        4.837039604308499,
        4.870819811608381,
        4.750692410074222,
        4.713287341366907,
        4.8102055567844655,
        4.8798213582129994,
        4.888482440049481,
        4.823224079836706,
        4.753945967194381,
        4.751251071881336,
        4.717254857348788,
        4.754637526858384,
        4.698830993312179,
        4.725476681047184,
        4.697045620839307,
        4.73603845401934,
        4.627034138722025,
        4.626502747748308,
        4.630157759235163,
        4.582799850755436,
        4.5795036364512836,
        4.548305280648979,
        4.531428880752272,
        4.527920209678116,
        4.520078640834541,
        4.516184408953236,
        4.5108494819349545,
        4.497120419884943,
        4.496642732316522,
        4.469559836539493,
        4.459917900668588,
        4.452628545700365,
        4.459687728031426,
        4.447773441387589,
        4.441216860607171,
        4.437821142233101,
        4.434342439007607,
        4.433117523314847,
        4.433600522909954,
        4.431090989689918,
        4.430264506370398,
        4.429471286239138
    ],
    "val_acc": [
        1.015,
        1.745,
        2.9,
        3.45,
        3.815,
        4.775,
        5.635,
        5.895,
        5.065,
        5.11,
        6.59,
        7.165,
        5.805,
        4.615,
        4.525,
        5.635,
        6.67,
        6.645,
        6.845,
        6.415,
        7.35,
        7.05,
        7.425,
        6.89,
        8.42,
        8.325,
        8.515,
        9.03,
        9.135,
        9.785,
        10.135,
        10.01,
        10.305,
        10.14,
        10.3,
        10.595,
        10.725,
        11.425,
        11.345,
        11.58,
        11.51,
        11.565,
        11.885,
        12.005,
        12.02,
        12.065,
        12.08,
        11.95,
        12.04,
        12.095
    ],
    "lr": [
        0.001,
        0.0009990143508499217,
        0.0009960612933065818,
        0.00099115248173898,
        0.0009843072889837512,
        0.0009755527298894294,
        0.0009649233547011816,
        0.0009524611127067769,
        0.0009382151866819099,
        0.0009222417987882566,
        0.0009046039886902864,
        0.0008853713647665069,
        0.0008646198293969952,
        0.0008424312794113801,
        0.0008188932828794706,
        0.0007940987335200906,
        0.0007681454840920089,
        0.0007411359602138069,
        0.0007131767561367538,
        0.0006843782140659967,
        0.0006548539886902863,
        0.0006247205986388449,
        0.0005940969666355696,
        0.0005631039501653701,
        0.0005318638645048921,
        0.0005005,
        0.00046913613549510796,
        0.00043789604983463003,
        0.00040690303336443054,
        0.000376279401361155,
        0.00034614601130971394,
        0.00031662178593400354,
        0.00028782324386324626,
        0.00025986403978619317,
        0.00023285451590799105,
        0.0002069012664799097,
        0.00018210671712052946,
        0.00015856872058861996,
        0.00013638017060300502,
        0.0001156286352334933,
        9.639601130971378e-05,
        7.875820121174356e-05,
        6.278481331809012e-05,
        4.853888729322332e-05,
        3.607664529881844e-05,
        2.5447270110570804e-05,
        1.6692711016248827e-05,
        9.84751826101998e-06,
        4.938706693418354e-06,
        1.9856491500783555e-06
    ],
    "config": {
        "epochs": 50,
        "batch_size": 128,
        "optimizer": "adamw",
        "scheduler": "cosine"
    },
    "total_training_time_seconds": 36931.18357396126,
    "total_training_time_hours": 10.258662103878127
}